{"v":"5.10.2","fr":60,"ip":0,"op":120,"w":32,"h":32,"nm":"mission-checkbox","ddd":0,"assets":[],"layers":[{"ddd":0,"ind":1,"ty":4,"nm":".v-mask","cl":"v-mask","parent":5,"td":1,"sr":1,"ks":{"p":{"a":0,"k":[-0.42,0,0],"ix":2,"l":2}},"ao":0,"shapes":[{"ty":"gr","it":[{"ind":0,"ty":"sh","ix":1,"ks":{"a":1,"k":[{"i":{"x":0.373,"y":1},"o":{"x":0.167,"y":0},"t":70,"s":[{"i":[[0,0],[0,0],[0.049,-0.093],[0,0],[0,0],[0,0],[-0.172,0.004],[-0.008,0.09],[0,0],[0,0],[0,0],[0,0]],"o":[[0,0],[0,0],[-0.034,0.075],[0,0],[0,0],[0,0],[0.172,-0.004],[0.008,-0.09],[0,0],[0,0],[0,0],[0,0]],"v":[[-10.04,-7.176],[-10.164,-7.231],[-10.288,-7.13],[-10.438,-7.032],[-10.521,-6.891],[-8.249,-5.753],[-7.911,-5.762],[-7.638,-5.918],[-7.606,-5.953],[-7.607,-6.051],[-7.708,-6.108],[-9.856,-7.14]],"c":true}]},{"i":{"x":0.37,"y":0.37},"o":{"x":0.333,"y":0},"t":84,"s":[{"i":[[0,0],[0,0],[0.049,-0.093],[0,0],[0,0],[0,0],[-0.172,0.004],[-0.008,0.09],[0,0],[0,0],[0,0],[0,0]],"o":[[0,0],[0,0],[-0.034,0.075],[0,0],[0,0],[0,0],[0.172,-0.004],[0.008,-0.09],[0,0],[0,0],[0,0],[0,0]],"v":[[-3.005,4.074],[-3.129,4.019],[-3.253,4.121],[-3.403,4.218],[-3.486,4.359],[-1.214,5.497],[-0.876,5.488],[-0.603,5.332],[-0.571,5.297],[-0.572,5.199],[-0.674,5.142],[-2.822,4.11]],"c":true}]},{"i":{"x":0.251,"y":0.251},"o":{"x":0.167,"y":0.167},"t":90,"s":[{"i":[[0,0],[0.337,-0.628],[0.172,-0.331],[0,0],[0,0],[0,0],[-0.172,0.004],[-0.121,0.227],[-2.025,3.608],[0,0],[0,0],[0,0]],"o":[[0,0],[-1.268,2.361],[-0.217,0.419],[0,0],[0,0],[0,0],[0.172,-0.004],[0.095,-0.178],[0.765,-1.363],[0,0],[0,0],[0,0]],"v":[[4.092,-9.188],[2.918,-7.258],[-1.503,0.98],[-2.294,2.405],[-2.376,2.547],[-1.214,5.497],[-0.876,5.488],[-0.439,5.23],[6.124,-6.871],[7.147,-8.734],[6.444,-8.83],[4.686,-9.101]],"c":true}]},{"i":{"x":0.667,"y":1},"o":{"x":0.167,"y":0.167},"t":92,"s":[{"i":[[-0.68,0],[0.337,-0.628],[0.172,-0.331],[0.184,0.343],[0,0],[0,0],[-0.172,0.004],[-0.121,0.227],[-2.025,3.608],[0.758,-1.938],[0,0],[0,0]],"o":[[0.68,0],[-1.268,2.361],[-0.217,0.419],[-0.184,-0.343],[0,0],[0,0],[0.172,-0.004],[0.095,-0.178],[0.765,-1.363],[3.242,-4.609],[0,0],[0,0]],"v":[[2.467,-9.375],[2.918,-7.258],[-1.503,0.98],[-2.278,1.202],[-2.376,2.547],[-1.214,5.497],[-0.876,5.488],[-0.439,5.23],[6.124,-6.871],[8.637,-7.964],[6.397,-9.705],[4.577,-10.117]],"c":true}]},{"t":93,"s":[{"i":[[-0.68,0],[0.337,-0.628],[0.172,-0.331],[0.184,0.343],[0,0],[0,0],[-0.172,0.004],[-0.121,0.227],[-2.025,3.608],[0.758,-1.938],[0,0],[0,0]],"o":[[0.68,0],[-1.268,2.361],[-0.217,0.419],[-0.184,-0.343],[0,0],[0,0],[0.172,-0.004],[0.095,-0.178],[0.765,-1.363],[3.242,-4.609],[0,0],[0,0]],"v":[[2.217,-8],[2.918,-7.258],[-1.503,0.98],[-2.388,0.968],[-2.376,2.547],[-1.214,5.497],[-0.876,5.488],[-0.439,5.23],[6.124,-6.871],[7.491,-4.266],[6.522,-8.643],[2.889,-8.554]],"c":true}]}],"ix":2},"nm":"Path 3","mn":"ADBE Vector Shape - Group","hd":false},{"ind":1,"ty":"sh","ix":2,"ks":{"a":1,"k":[{"i":{"x":0.373,"y":1},"o":{"x":0.126,"y":0},"t":70,"s":[{"i":[[0.238,-0.145],[0.279,-0.177],[-0.105,-0.197],[-0.114,-0.206],[-0.118,0],[-0.399,0.011],[0.096,0.225],[0.266,0.523],[0.157,0.306]],"o":[[-0.238,0.145],[-0.279,0.177],[0.105,0.197],[0.114,0.206],[0.118,0],[0.399,-0.011],[-0.096,-0.225],[-0.266,-0.523],[-0.157,-0.306]],"v":[[-10.23,-10.763],[-11.908,-9.717],[-12.101,-9.054],[-10.33,-5.956],[-9.884,-5.715],[-7.9,-5.763],[-7.585,-6.337],[-8.778,-9.031],[-9.518,-10.57]],"c":true}]},{"t":84,"s":[{"i":[[0.238,-0.145],[0.279,-0.177],[-0.105,-0.197],[-0.114,-0.206],[-0.118,0],[-0.399,0.011],[0.096,0.225],[0.266,0.523],[0.157,0.306]],"o":[[-0.238,0.145],[-0.279,0.177],[0.105,0.197],[0.114,0.206],[0.118,0],[0.399,-0.011],[-0.096,-0.225],[-0.266,-0.523],[-0.157,-0.306]],"v":[[-4.619,-2.168],[-6.296,-1.122],[-6.489,-0.459],[-3.295,5.294],[-2.849,5.535],[-0.865,5.488],[-0.55,4.913],[-1.744,2.219],[-3.907,-1.975]],"c":true}]}],"ix":2},"nm":"Path 2","mn":"ADBE Vector Shape - Group","hd":false},{"ty":"fl","c":{"a":0,"k":[0,0,0,1],"ix":4},"o":{"a":0,"k":100,"ix":5},"r":1,"bm":0,"nm":"Fill 1","mn":"ADBE Vector Graphic - Fill","hd":false},{"ty":"tr","p":{"a":0,"k":[0,0],"ix":2},"a":{"a":0,"k":[0,0],"ix":1},"s":{"a":0,"k":[100,100],"ix":3},"r":{"a":0,"k":0,"ix":6},"o":{"a":0,"k":100,"ix":7},"sk":{"a":0,"k":0,"ix":4},"sa":{"a":0,"k":0,"ix":5},"nm":"Transform"}],"nm":"v-mark","np":3,"cix":2,"bm":0,"ix":1,"mn":"ADBE Vector Group","hd":false}],"ip":0,"op":120,"st":0,"ct":1,"bm":0},{"ddd":0,"ind":2,"ty":4,"nm":".x-mask","cl":"x-mask","parent":5,"td":1,"sr":1,"ks":{"p":{"a":0,"k":[1.547,-7.033,0],"ix":2,"l":2},"a":{"a":0,"k":[1.968,-7.033,0],"ix":1,"l":2}},"ao":0,"shapes":[{"ty":"gr","it":[{"ind":0,"ty":"sh","ix":1,"ks":{"a":1,"k":[{"i":{"x":0.667,"y":1},"o":{"x":0.837,"y":0},"t":35,"s":[{"i":[[0,0],[0,0],[0,0],[0,0]],"o":[[0,0],[0,0],[0,0],[0,0]],"v":[[-3.519,-5.061],[-5.64,-2.939],[2.36,5.061],[4.481,2.939]],"c":true}]},{"t":46,"s":[{"i":[[0,0],[0,0],[0,0],[0,0]],"o":[[0,0],[0,0],[0,0],[0,0]],"v":[[-3.519,-5.061],[-5.64,-2.939],[-5.642,-2.938],[-3.521,-5.059]],"c":true}]}],"ix":2},"nm":"Path 2","mn":"ADBE Vector Shape - Group","hd":false},{"ind":1,"ty":"sh","ix":2,"ks":{"a":1,"k":[{"i":{"x":0.667,"y":1},"o":{"x":0.837,"y":0},"t":35,"s":[{"i":[[0,0],[0,0],[0,0],[0,0]],"o":[[0,0],[0,0],[0,0],[0,0]],"v":[[4.957,-3.405],[3.657,-6.541],[-6.216,3.5],[-4.916,6.637]],"c":true}]},{"t":46,"s":[{"i":[[0,0],[0,0],[0,0],[0,0]],"o":[[0,0],[0,0],[0,0],[0,0]],"v":[[10.054,-8.557],[8.754,-11.694],[8.739,-11.68],[10.039,-8.543]],"c":true}]}],"ix":2},"nm":"Path 3","mn":"ADBE Vector Shape - Group","hd":false},{"ind":2,"ty":"sh","ix":3,"ks":{"a":1,"k":[{"i":{"x":0.667,"y":1},"o":{"x":0.837,"y":0},"t":26,"s":[{"i":[[0,0],[0,0],[0,0],[0,0]],"o":[[0,0],[0,0],[0,0],[0,0]],"v":[[8.232,-6.833],[6.932,-9.969],[4.526,-7.407],[5.826,-4.27]],"c":true}]},{"t":37,"s":[{"i":[[0,0],[0,0],[0,0],[0,0]],"o":[[0,0],[0,0],[0,0],[0,0]],"v":[[12.987,-11.578],[11.687,-14.714],[9.281,-12.152],[10.581,-9.015]],"c":true}]}],"ix":2},"nm":"Path 4","mn":"ADBE Vector Shape - Group","hd":false},{"ty":"fl","c":{"a":0,"k":[0,0,0,1],"ix":4},"o":{"a":0,"k":100,"ix":5},"r":1,"bm":0,"nm":"Fill 1","mn":"ADBE Vector Graphic - Fill","hd":false},{"ty":"tr","p":{"a":0,"k":[0,0],"ix":2},"a":{"a":0,"k":[0,0],"ix":1},"s":{"a":0,"k":[100,100],"ix":3},"r":{"a":0,"k":0,"ix":6},"o":{"a":0,"k":100,"ix":7},"sk":{"a":0,"k":0,"ix":4},"sa":{"a":0,"k":0,"ix":5},"nm":"Transform"}],"nm":"x-mark","np":4,"cix":2,"bm":0,"ix":1,"mn":"ADBE Vector Group","hd":false}],"ip":0,"op":47,"st":0,"ct":1,"bm":0},{"ddd":0,"ind":3,"ty":4,"nm":".icon-fill","cl":"icon-fill","parent":5,"tt":2,"tp":1,"sr":1,"ks":{"p":{"a":0,"k":[-0.42,0,0],"ix":2,"l":2}},"ao":0,"shapes":[{"ty":"gr","it":[{"ind":0,"ty":"sh","ix":1,"ks":{"a":0,"k":{"i":[[0,0],[-1.657,0],[0,0],[0.473,-1.893],[0,0],[1.377,0],[0,0],[0,1.657]],"o":[[0,-1.657],[0,0],[1.952,0],[0,0],[-0.334,1.335],[0,0],[-1.657,0],[0,0]],"v":[[-7.58,-5],[-4.58,-8],[4.578,-8],[7.489,-4.272],[4.989,5.728],[2.078,8],[-4.58,8],[-7.58,5]],"c":true},"ix":2},"nm":"Path 2","mn":"ADBE Vector Shape - Group","hd":false},{"ty":"fl","c":{"a":0,"k":[0,0,0,1],"ix":4},"o":{"a":0,"k":100,"ix":5},"r":2,"bm":0,"nm":"Fill 1","mn":"ADBE Vector Graphic - Fill","hd":false},{"ty":"tr","p":{"a":0,"k":[0,0],"ix":2},"a":{"a":0,"k":[0,0],"ix":1},"s":{"a":0,"k":[100,100],"ix":3},"r":{"a":0,"k":0,"ix":6},"o":{"a":0,"k":100,"ix":7},"sk":{"a":0,"k":0,"ix":4},"sa":{"a":0,"k":0,"ix":5},"nm":"Transform"}],"nm":"empty","np":2,"cix":2,"bm":0,"ix":1,"mn":"ADBE Vector Group","hd":false}],"ip":62,"op":120,"st":122,"ct":1,"bm":0},{"ddd":0,"ind":4,"ty":4,"nm":".icon-fill","cl":"icon-fill","parent":5,"tt":2,"tp":2,"sr":1,"ks":{"p":{"a":0,"k":[-0.42,0,0],"ix":2,"l":2}},"ao":0,"shapes":[{"ty":"gr","it":[{"ind":0,"ty":"sh","ix":1,"ks":{"a":0,"k":{"i":[[0,0],[-1.657,0],[0,0],[0.473,-1.893],[0,0],[1.377,0],[0,0],[0,1.657]],"o":[[0,-1.657],[0,0],[1.952,0],[0,0],[-0.334,1.335],[0,0],[-1.657,0],[0,0]],"v":[[-7.58,-5],[-4.58,-8],[4.578,-8],[7.489,-4.272],[4.989,5.728],[2.078,8],[-4.58,8],[-7.58,5]],"c":true},"ix":2},"nm":"Path 2","mn":"ADBE Vector Shape - Group","hd":false},{"ty":"fl","c":{"a":0,"k":[0,0,0,1],"ix":4},"o":{"a":0,"k":100,"ix":5},"r":2,"bm":0,"nm":"Fill 1","mn":"ADBE Vector Graphic - Fill","hd":false},{"ty":"tr","p":{"a":0,"k":[0,0],"ix":2},"a":{"a":0,"k":[0,0],"ix":1},"s":{"a":0,"k":[100,100],"ix":3},"r":{"a":0,"k":0,"ix":6},"o":{"a":0,"k":100,"ix":7},"sk":{"a":0,"k":0,"ix":4},"sa":{"a":0,"k":0,"ix":5},"nm":"Transform"}],"nm":"empty","np":2,"cix":2,"bm":0,"ix":1,"mn":"ADBE Vector Group","hd":false}],"ip":0,"op":58,"st":60,"ct":1,"bm":0},{"ddd":0,"ind":5,"ty":4,"nm":"empty-center","sr":1,"ks":{"p":{"a":0,"k":[16,16,0],"ix":2,"l":2},"s":{"a":1,"k":[{"i":{"x":[0.833,0.833,0.833],"y":[1.588,1.588,9.333]},"o":{"x":[0.333,0.333,0.333],"y":[0,0,0]},"t":43,"s":[100,100,100]},{"i":{"x":[0.854,0.854,0.667],"y":[1,1,1]},"o":{"x":[0.167,0.167,0.167],"y":[0.073,0.073,-8.333]},"t":50,"s":[114.165,114.165,100]},{"i":{"x":[0.854,0.854,0.667],"y":[1,1,1]},"o":{"x":[0.333,0.333,0.333],"y":[0,0,0]},"t":57,"s":[0,0,100]},{"i":{"x":[0.833,0.833,0.833],"y":[0.927,0.927,1]},"o":{"x":[0.146,0.146,0.333],"y":[0,0,0]},"t":63,"s":[0,0,100]},{"i":{"x":[0.667,0.667,0.667],"y":[1,1,1]},"o":{"x":[0.167,0.167,0.167],"y":[-0.588,-0.588,0]},"t":70,"s":[114.165,114.165,100]},{"t":77,"s":[100,100,100]}],"ix":6,"l":2}},"ao":0,"shapes":[{"ty":"gr","it":[{"ty":"rc","d":1,"s":{"a":0,"k":[24,24],"ix":2},"p":{"a":0,"k":[0,0],"ix":3},"r":{"a":0,"k":0,"ix":4},"nm":"Rectangle Path 1","mn":"ADBE Vector Shape - Rect","hd":false},{"ty":"tr","p":{"a":0,"k":[0,0],"ix":2},"a":{"a":0,"k":[0,0],"ix":1},"s":{"a":0,"k":[100,100],"ix":3},"r":{"a":0,"k":0,"ix":6},"o":{"a":0,"k":100,"ix":7},"sk":{"a":0,"k":0,"ix":4},"sa":{"a":0,"k":0,"ix":5},"nm":"Transform"}],"nm":"box","np":1,"cix":2,"bm":0,"ix":1,"mn":"ADBE Vector Group","hd":false}],"ip":0,"op":120,"st":60,"ct":1,"bm":0},{"ddd":0,"ind":6,"ty":4,"nm":".checkbox-frame","cl":"checkbox-frame","sr":1,"ks":{"p":{"a":0,"k":[15.58,16,0],"ix":2,"l":2}},"ao":0,"shapes":[{"ty":"gr","it":[{"ind":0,"ty":"sh","ix":1,"ks":{"a":0,"k":{"i":[[-0.552,0],[0,0],[0.158,-0.631],[0,0],[0.459,0],[0,0],[0,0.552],[0,0]],"o":[[0,0],[0.651,0],[0,0],[-0.111,0.445],[0,0],[-0.552,0],[0,0],[0,-0.552]],"v":[[-4.58,-6],[4.578,-6],[5.548,-4.757],[3.048,5.243],[2.078,6],[-4.58,6],[-5.58,5],[-5.58,-5]],"c":true},"ix":2},"nm":"Path 1","mn":"ADBE Vector Shape - Group","hd":false},{"ind":1,"ty":"sh","ix":2,"ks":{"a":0,"k":{"i":[[0,0],[-1.657,0],[0,0],[0.473,-1.893],[0,0],[1.377,0],[0,0],[0,1.657]],"o":[[0,-1.657],[0,0],[1.952,0],[0,0],[-0.334,1.335],[0,0],[-1.657,0],[0,0]],"v":[[-7.58,-5],[-4.58,-8],[4.578,-8],[7.489,-4.272],[4.989,5.728],[2.078,8],[-4.58,8],[-7.58,5]],"c":true},"ix":2},"nm":"Path 2","mn":"ADBE Vector Shape - Group","hd":false},{"ty":"fl","c":{"a":0,"k":[0,0,0,1],"ix":4},"o":{"a":0,"k":100,"ix":5},"r":2,"bm":0,"nm":"Fill 1","mn":"ADBE Vector Graphic - Fill","hd":false},{"ty":"tr","p":{"a":0,"k":[0,0],"ix":2},"a":{"a":0,"k":[0,0],"ix":1},"s":{"a":0,"k":[100,100],"ix":3},"r":{"a":0,"k":0,"ix":6},"o":{"a":0,"k":100,"ix":7},"sk":{"a":0,"k":0,"ix":4},"sa":{"a":0,"k":0,"ix":5},"nm":"Transform"}],"nm":"empty","np":3,"cix":2,"bm":0,"ix":1,"mn":"ADBE Vector Group","hd":false}],"ip":57,"op":64,"st":60,"ct":1,"bm":0},{"ddd":0,"ind":7,"ty":4,"nm":"Ripple-v-mask","td":1,"sr":1,"ks":{"p":{"a":0,"k":[15.581,16,0],"ix":2,"l":2},"a":{"a":0,"k":[0.002,0,0],"ix":1,"l":2}},"ao":0,"shapes":[{"ty":"gr","it":[{"ind":0,"ty":"sh","ix":1,"ks":{"a":0,"k":{"i":[[0,0],[-1.657,0],[0,0],[0.473,-1.893],[0,0],[1.377,0],[0,0],[0,1.657]],"o":[[0,-1.657],[0,0],[1.952,0],[0,0],[-0.334,1.335],[0,0],[-1.657,0],[0,0]],"v":[[-7.58,-5],[-4.58,-8],[4.578,-8],[7.489,-4.272],[4.989,5.728],[2.078,8],[-4.58,8],[-7.58,5]],"c":true},"ix":2},"nm":"Path 2","mn":"ADBE Vector Shape - Group","hd":false},{"ty":"fl","c":{"a":0,"k":[0,0,0,1],"ix":4},"o":{"a":0,"k":100,"ix":5},"r":1,"bm":0,"nm":"Fill 1","mn":"ADBE Vector Graphic - Fill","hd":false},{"ty":"op","nm":"Offset Paths 1","a":{"a":1,"k":[{"i":{"x":[0.8],"y":[0.895]},"o":{"x":[0.59],"y":[0]},"t":41,"s":[8]},{"t":53,"s":[-2.011],"h":1},{"i":{"x":[0.41],"y":[1]},"o":{"x":[0.2],"y":[0.105]},"t":66,"s":[-2.011]},{"t":78,"s":[8]}],"ix":1},"lj":1,"ml":{"a":0,"k":4,"ix":3},"ix":3,"mn":"ADBE Vector Filter - Offset","hd":false},{"ty":"tr","p":{"a":0,"k":[0,0],"ix":2},"a":{"a":0,"k":[0,0],"ix":1},"s":{"a":0,"k":[100,100],"ix":3},"r":{"a":0,"k":0,"ix":6},"o":{"a":0,"k":100,"ix":7},"sk":{"a":0,"k":0,"ix":4},"sa":{"a":0,"k":0,"ix":5},"nm":"Transform"}],"nm":"empty","np":3,"cix":2,"bm":0,"ix":1,"mn":"ADBE Vector Group","hd":false}],"ip":63,"op":120,"st":60,"ct":1,"bm":0},{"ddd":0,"ind":8,"ty":4,"nm":".icon-ripple-fill","cl":"icon-ripple-fill","tt":2,"tp":7,"sr":1,"ks":{"p":{"a":0,"k":[15.581,16,0],"ix":2,"l":2},"a":{"a":0,"k":[0.001,0,0],"ix":1,"l":2}},"ao":0,"shapes":[{"ty":"gr","it":[{"ind":0,"ty":"sh","ix":1,"ks":{"a":0,"k":{"i":[[0,0],[-1.657,0],[0,0],[0.473,-1.893],[0,0],[1.377,0],[0,0],[0,1.657]],"o":[[0,-1.657],[0,0],[1.952,0],[0,0],[-0.334,1.335],[0,0],[-1.657,0],[0,0]],"v":[[-7.58,-5],[-4.58,-8],[4.578,-8],[7.489,-4.272],[4.989,5.728],[2.078,8],[-4.58,8],[-7.58,5]],"c":true},"ix":2},"nm":"Path 2","mn":"ADBE Vector Shape - Group","hd":false},{"ty":"fl","c":{"a":0,"k":[0,0,0,1],"ix":4},"o":{"a":0,"k":100,"ix":5},"r":1,"bm":0,"nm":"Fill 1","mn":"ADBE Vector Graphic - Fill","hd":false},{"ty":"op","nm":"Offset Paths 1","a":{"a":1,"k":[{"i":{"x":[0.8],"y":[0.85]},"o":{"x":[0.59],"y":[0]},"t":44,"s":[7]},{"t":56,"s":[0],"h":1},{"i":{"x":[0.41],"y":[1]},"o":{"x":[0.2],"y":[0.138]},"t":64,"s":[0]},{"t":75,"s":[7]}],"ix":1},"lj":1,"ml":{"a":0,"k":4,"ix":3},"ix":3,"mn":"ADBE Vector Filter - Offset","hd":false},{"ty":"tr","p":{"a":0,"k":[0,0],"ix":2},"a":{"a":0,"k":[0,0],"ix":1},"s":{"a":0,"k":[100,100],"ix":3},"r":{"a":0,"k":0,"ix":6},"o":{"a":0,"k":100,"ix":7},"sk":{"a":0,"k":0,"ix":4},"sa":{"a":0,"k":0,"ix":5},"nm":"Transform"}],"nm":"empty","np":3,"cix":2,"bm":0,"ix":1,"mn":"ADBE Vector Group","hd":false}],"ip":63,"op":120,"st":60,"ct":1,"bm":0},{"ddd":0,"ind":9,"ty":4,"nm":"Ripple-x-mask","td":1,"sr":1,"ks":{"p":{"a":0,"k":[15.581,16,0],"ix":2,"l":2},"a":{"a":0,"k":[0.002,0,0],"ix":1,"l":2}},"ao":0,"shapes":[{"ty":"gr","it":[{"ind":0,"ty":"sh","ix":1,"ks":{"a":0,"k":{"i":[[0,0],[-1.657,0],[0,0],[0.473,-1.893],[0,0],[1.377,0],[0,0],[0,1.657]],"o":[[0,-1.657],[0,0],[1.952,0],[0,0],[-0.334,1.335],[0,0],[-1.657,0],[0,0]],"v":[[-7.58,-5],[-4.58,-8],[4.578,-8],[7.489,-4.272],[4.989,5.728],[2.078,8],[-4.58,8],[-7.58,5]],"c":true},"ix":2},"nm":"Path 2","mn":"ADBE Vector Shape - Group","hd":false},{"ty":"fl","c":{"a":0,"k":[0,0,0,1],"ix":4},"o":{"a":0,"k":100,"ix":5},"r":1,"bm":0,"nm":"Fill 1","mn":"ADBE Vector Graphic - Fill","hd":false},{"ty":"op","nm":"Offset Paths 1","a":{"a":1,"k":[{"i":{"x":[0.8],"y":[0.895]},"o":{"x":[0.775],"y":[0]},"t":42,"s":[8]},{"t":54,"s":[-2.011],"h":1},{"i":{"x":[0.129],"y":[1]},"o":{"x":[0.2],"y":[0.105]},"t":66,"s":[-2.011]},{"t":78,"s":[8]}],"ix":1},"lj":1,"ml":{"a":0,"k":4,"ix":3},"ix":3,"mn":"ADBE Vector Filter - Offset","hd":false},{"ty":"tr","p":{"a":0,"k":[0,0],"ix":2},"a":{"a":0,"k":[0,0],"ix":1},"s":{"a":0,"k":[100,100],"ix":3},"r":{"a":0,"k":0,"ix":6},"o":{"a":0,"k":100,"ix":7},"sk":{"a":0,"k":0,"ix":4},"sa":{"a":0,"k":0,"ix":5},"nm":"Transform"}],"nm":"empty","np":3,"cix":2,"bm":0,"ix":1,"mn":"ADBE Vector Group","hd":false}],"ip":0,"op":58,"st":60,"ct":1,"bm":0},{"ddd":0,"ind":10,"ty":4,"nm":".icon-ripple-fill","cl":"icon-ripple-fill","tt":2,"tp":9,"sr":1,"ks":{"p":{"a":0,"k":[15.581,16,0],"ix":2,"l":2},"a":{"a":0,"k":[0.001,0,0],"ix":1,"l":2}},"ao":0,"shapes":[{"ty":"gr","it":[{"ind":0,"ty":"sh","ix":1,"ks":{"a":0,"k":{"i":[[0,0],[-1.657,0],[0,0],[0.473,-1.893],[0,0],[1.377,0],[0,0],[0,1.657]],"o":[[0,-1.657],[0,0],[1.952,0],[0,0],[-0.334,1.335],[0,0],[-1.657,0],[0,0]],"v":[[-7.58,-5],[-4.58,-8],[4.578,-8],[7.489,-4.272],[4.989,5.728],[2.078,8],[-4.58,8],[-7.58,5]],"c":true},"ix":2},"nm":"Path 2","mn":"ADBE Vector Shape - Group","hd":false},{"ty":"fl","c":{"a":0,"k":[0,0,0,1],"ix":4},"o":{"a":0,"k":100,"ix":5},"r":1,"bm":0,"nm":"Fill 1","mn":"ADBE Vector Graphic - Fill","hd":false},{"ty":"op","nm":"Offset Paths 1","a":{"a":1,"k":[{"i":{"x":[0.8],"y":[0.85]},"o":{"x":[0.775],"y":[0]},"t":45,"s":[7]},{"t":57,"s":[0],"h":1},{"i":{"x":[0.129],"y":[1]},"o":{"x":[0.2],"y":[0.138]},"t":64,"s":[0]},{"t":75,"s":[7]}],"ix":1},"lj":1,"ml":{"a":0,"k":4,"ix":3},"ix":3,"mn":"ADBE Vector Filter - Offset","hd":false},{"ty":"tr","p":{"a":0,"k":[0,0],"ix":2},"a":{"a":0,"k":[0,0],"ix":1},"s":{"a":0,"k":[100,100],"ix":3},"r":{"a":0,"k":0,"ix":6},"o":{"a":0,"k":100,"ix":7},"sk":{"a":0,"k":0,"ix":4},"sa":{"a":0,"k":0,"ix":5},"nm":"Transform"}],"nm":"empty","np":3,"cix":2,"bm":0,"ix":1,"mn":"ADBE Vector Group","hd":false}],"ip":0,"op":58,"st":60,"ct":1,"bm":0}],"markers":[]}