{
  "radial_drift_esc": "drift01",
  "radial_regular_esc": "powerGauge03",
  "radial_sport_esc": "powerGauge05",
  "radial_esc_off": "ESCOff",
  "powertrain_transfercase_high-2": "rangeboxHi2",
  "powertrain_transfercase_high-4": "rangeboxHi4",
  "powertrain_transfercase_low-2": "rangeboxLo2",
  "powertrain_transfercase_low-4": "rangeboxLo4",
  "powertrain_differential_middle_default": "jointUnlocked",
  "powertrain_differential_middle_locked": "jointLocked",
  "powertrain_differential_front_default": "differentialFrontDefault",
  "powertrain_differential_front_locked": "differentialFrontLocked",
  "powertrain_differential_center_default": "differentialMiddleDefault",
  "powertrain_differential_center_locked": "differentialMiddleLocked",
  "powertrain_differential_rear_default": "differentialRearDefault",
  "powertrain_differential_rear_locked": "differentialRearLocked",
  "powertrain_rangebox_high": "rangeboxHi",
  "powertrain_rangebox_low": "rangeboxLo",
  "radial_highrangebox": "rangeboxHi",
  "radial_lowrangebox": "rangeboxLo"
}